[{"Id":1,"Title":"iphone 14","ImagePath":"D:\\BSTU\\4 sem\\ООП\\Лабы\\4-7\\testik4-5\\img\\Iphone.jpg","Price":1750.0,"Rating":7.5,"Company":"Apple","Description":"q"},{"Id":2,"Title":"Ipad 6","ImagePath":"D:\\BSTU\\4 sem\\ООП\\Лабы\\4-7\\testik4-5\\img\\Tablet.jpg","Price":2000.0,"Rating":5.0,"Company":"Apple","Description":"f"},{"Id":3,"Title":"lenovoBook","ImagePath":"D:\\BSTU\\4 sem\\ООП\\Лабы\\4-7\\testik4-5\\img\\Laptop.jpg","Price":2700.0,"Rating":6.0,"Company":"Lenovo","Description":"o"},{"Id":4,"Title":"Samsung S230","ImagePath":"D:\\BSTU\\4 sem\\ООП\\Лабы\\4-7\\testik4-5\\img\\Samsung.jpg","Price":1600.0,"Rating":3.0,"Company":"Samsung","Description":"j"}]